0	Universal - 0
155615604	Prison Life - 155615604
606849621	[New] Jailbreak - 606849621
893973440	Flee the Facility - 893973440
5938036553	FRONTLINES - 5938036553
6872265039	BedWars [ LEGACY!] - 6872265039
6872274481	BedWars [ LEGACY!] - 6872274481
8542259458	SkyWars [SEASON 3!] - 8542259458
8542275097	SkyWars [SEASON 3!] - 8542275097
8592115909	SkyWars [SEASON 3!] - 8592115909
8768229691	SkyWars [SEASON 3!] - 8768229691
8951451142	SkyWars [SEASON 3!] - 8951451142
13246639586	SkyWars [SEASON 3!] - 13246639586
16483433878	Block Tales [DEMO 5] - 16483433878
77790193039862	1.8 Arena - 77790193039862
80041634734121	1.8 Arena - 80041634734121
83413351472244	FRONTLINES VERSUS - 83413351472244
94987506187454	REDLINER [UPD 1.1] - 94987506187454
106431012459431	Block Tales Battle Simulator - 106431012459431
115875349872417	REDLINER [UPD 1.1] - 115875349872417
123804558118054	FRONTLINES VERSUS - 123804558118054
126691165749976	REDLINER [UPD 1.1] - 126691165749976
131465939650733	FRONTLINES VERSUS - 131465939650733
132768098780837	[UPD] Block Wars - 132768098780837
135564683255158	Prison Life - 135564683255158
139566161526375	[] Bridge Duel - 139566161526375
